{
    "name": "root",
    "gauges": {
        "Sphere.Policy.Entropy.mean": {
            "value": 1.3637816905975342,
            "min": 1.3637816905975342,
            "max": 1.4227896928787231,
            "count": 2
        },
        "Sphere.Policy.Entropy.sum": {
            "value": 13641.908203125,
            "min": 13641.908203125,
            "max": 14227.8974609375,
            "count": 2
        },
        "Sphere.Step.mean": {
            "value": 19997.0,
            "min": 9994.0,
            "max": 19997.0,
            "count": 2
        },
        "Sphere.Step.sum": {
            "value": 19997.0,
            "min": 9994.0,
            "max": 19997.0,
            "count": 2
        },
        "Sphere.Policy.ExtrinsicValueEstimate.mean": {
            "value": 0.950715184211731,
            "min": 0.7033200860023499,
            "max": 0.950715184211731,
            "count": 2
        },
        "Sphere.Policy.ExtrinsicValueEstimate.sum": {
            "value": 1910.9375,
            "min": 650.5711059570312,
            "max": 1910.9375,
            "count": 2
        },
        "Sphere.Losses.PolicyLoss.mean": {
            "value": 0.23520064234038093,
            "min": 0.23520064234038093,
            "max": 0.2468417428911479,
            "count": 2
        },
        "Sphere.Losses.PolicyLoss.sum": {
            "value": 22.81446230701695,
            "min": 22.46259860309446,
            "max": 22.81446230701695,
            "count": 2
        },
        "Sphere.Losses.ValueLoss.mean": {
            "value": 0.032771549274508927,
            "min": 0.032771549274508927,
            "max": 3.1589683043143486,
            "count": 2
        },
        "Sphere.Losses.ValueLoss.sum": {
            "value": 3.178840279627366,
            "min": 3.178840279627366,
            "max": 287.46611569260574,
            "count": 2
        },
        "Sphere.Policy.LearningRate.mean": {
            "value": 0.00029102075557040205,
            "min": 0.00029102075557040205,
            "max": 0.0002969225812455868,
            "count": 2
        },
        "Sphere.Policy.LearningRate.sum": {
            "value": 0.028229013290328998,
            "min": 0.027019954893348398,
            "max": 0.028229013290328998,
            "count": 2
        },
        "Sphere.Policy.Epsilon.mean": {
            "value": 0.1970069175257732,
            "min": 0.1970069175257732,
            "max": 0.19897419340659345,
            "count": 2
        },
        "Sphere.Policy.Epsilon.sum": {
            "value": 19.109671000000002,
            "min": 18.106651600000003,
            "max": 19.109671000000002,
            "count": 2
        },
        "Sphere.Policy.Beta.mean": {
            "value": 0.0005000000000000002,
            "min": 0.0005000000000000001,
            "max": 0.0005000000000000002,
            "count": 2
        },
        "Sphere.Policy.Beta.sum": {
            "value": 0.04850000000000002,
            "min": 0.04550000000000001,
            "max": 0.04850000000000002,
            "count": 2
        },
        "Sphere.Environment.EpisodeLength.mean": {
            "value": 3.9766169154228854,
            "min": 3.9766169154228854,
            "max": 10.037527593818984,
            "count": 2
        },
        "Sphere.Environment.EpisodeLength.sum": {
            "value": 7993.0,
            "min": 7993.0,
            "max": 9094.0,
            "count": 2
        },
        "Sphere.Environment.CumulativeReward.mean": {
            "value": 0.9725373134091125,
            "min": 0.735138121000311,
            "max": 0.9725373134091125,
            "count": 2
        },
        "Sphere.Environment.CumulativeReward.sum": {
            "value": 1954.7999999523163,
            "min": 665.2999995052814,
            "max": 1954.7999999523163,
            "count": 2
        },
        "Sphere.Policy.ExtrinsicReward.mean": {
            "value": 0.9725373134091125,
            "min": 0.735138121000311,
            "max": 0.9725373134091125,
            "count": 2
        },
        "Sphere.Policy.ExtrinsicReward.sum": {
            "value": 1954.7999999523163,
            "min": 665.2999995052814,
            "max": 1954.7999999523163,
            "count": 2
        },
        "Sphere.IsTraining.mean": {
            "value": 1.0,
            "min": 1.0,
            "max": 1.0,
            "count": 2
        },
        "Sphere.IsTraining.sum": {
            "value": 1.0,
            "min": 1.0,
            "max": 1.0,
            "count": 2
        }
    },
    "metadata": {
        "timer_format_version": "0.1.0",
        "start_time_seconds": "1690707495",
        "python_version": "3.9.17 (main, Jul  5 2023, 20:47:11) [MSC v.1916 64 bit (AMD64)]",
        "command_line_arguments": "C:\\Users\\lcglab\\anaconda3\\envs\\mlagents\\Scripts\\mlagents-learn config/sphere_config.yaml --run-id=Sphere --force",
        "mlagents_version": "0.30.0",
        "mlagents_envs_version": "0.30.0",
        "communication_protocol_version": "1.5.0",
        "pytorch_version": "2.0.1+cu117",
        "numpy_version": "1.21.2",
        "end_time_seconds": "1690707779"
    },
    "total": 284.35260919999996,
    "count": 1,
    "self": 0.005541199999981927,
    "children": {
        "run_training.setup": {
            "total": 0.064222,
            "count": 1,
            "self": 0.064222
        },
        "TrainerController.start_learning": {
            "total": 284.282846,
            "count": 1,
            "self": 0.45136490000203366,
            "children": {
                "TrainerController._reset_env": {
                    "total": 7.9571289,
                    "count": 1,
                    "self": 7.9571289
                },
                "TrainerController.advance": {
                    "total": 275.74596479999803,
                    "count": 23435,
                    "self": 0.41349530000007917,
                    "children": {
                        "env_step": {
                            "total": 204.9050037000012,
                            "count": 23435,
                            "self": 127.82845220000416,
                            "children": {
                                "SubprocessEnvManager._take_step": {
                                    "total": 76.80672689999903,
                                    "count": 23435,
                                    "self": 1.0532798000019596,
                                    "children": {
                                        "TorchPolicy.evaluate": {
                                            "total": 75.75344709999708,
                                            "count": 20687,
                                            "self": 75.75344709999708
                                        }
                                    }
                                },
                                "workers": {
                                    "total": 0.2698245999980049,
                                    "count": 23434,
                                    "self": 0.0,
                                    "children": {
                                        "worker_root": {
                                            "total": 276.6153468999995,
                                            "count": 23434,
                                            "is_parallel": true,
                                            "self": 167.16512529999736,
                                            "children": {
                                                "steps_from_proto": {
                                                    "total": 0.00036539999999973816,
                                                    "count": 1,
                                                    "is_parallel": true,
                                                    "self": 0.00020069999999972055,